{
  "train_loss": [
    0.06737889730680977,
    0.052742787910294166,
    0.03905904125826836,
    0.030155726157770173,
    0.02154601867178085,
    0.020814602031003104,
    0.02464803335071809,
    0.02103186969151563,
    0.018967720493374578,
    0.01725402268208713,
    0.016537724819546826,
    0.01804858060105616,
    0.01679390627060652,
    0.016868028703594485,
    0.016274379166210263,
    0.015305545115101654,
    0.015450415618819569,
    0.014024706397052743,
    0.013809138426088151,
    0.011605251535521529,
    0.012170888008310048,
    0.01150037797167148,
    0.013045502882016252,
    0.010383099408959633,
    0.011841540818633879
  ],
  "val_loss": [
    0.042263902940301815,
    0.040845661705885175,
    0.03271033318124266,
    0.015402952197970998,
    0.013409118208652123,
    0.01984197319461367,
    0.0124239315223108,
    0.014657559570593712,
    0.013586995930562161,
    0.013414459373069624,
    0.010932137310488994,
    0.00881125919489015,
    0.012810321129922173,
    0.009695404473867299,
    0.007801027319784093,
    0.010354853210509078,
    0.008447668564995417,
    0.008265552165496171,
    0.0077420800625800324,
    0.00759776185413934,
    0.0069444004509948256,
    0.007695167323944565,
    0.006966937170562963,
    0.007333361527794956,
    0.007139296535279156
  ],
  "train_acc": [
    0.5126709573612228,
    0.5335880933226066,
    0.6309332260659695,
    0.7608608205953339,
    0.831858407079646,
    0.833869670152856,
    0.7723250201126307,
    0.83266291230893,
    0.826226870474658,
    0.837288817377313,
    0.8433226065969429,
    0.828238133547868,
    0.831456154465004,
    0.827835880933226,
    0.8582059533386966,
    0.8696701528559936,
    0.8226065969428801,
    0.827433628318584,
    0.825020112630732,
    0.8694690265486725,
    0.826226870474658,
    0.8956154465004023,
    0.8628318584070797,
    0.8779163314561544,
    0.8222043443282381
  ],
  "val_acc": [
    0.5863247863247864,
    0.6222222222222222,
    0.7726495726495727,
    0.9213675213675213,
    0.9316239316239316,
    0.8940170940170941,
    0.9316239316239316,
    0.9179487179487179,
    0.9418803418803419,
    0.9384615384615385,
    0.9487179487179487,
    0.9641025641025641,
    0.9367521367521368,
    0.9572649572649573,
    0.9675213675213675,
    0.9555555555555556,
    0.9641025641025641,
    0.9641025641025641,
    0.9658119658119658,
    0.9709401709401709,
    0.9675213675213675,
    0.9709401709401709,
    0.9726495726495726,
    0.9709401709401709,
    0.9726495726495726
  ],
  "train_f1": [
    0.5123767357617227,
    0.5266380894060012,
    0.6326326326326326,
    0.7637591893502881,
    0.8346518987341772,
    0.832318311002842,
    0.7739616613418531,
    0.8318512530315278,
    0.8283671036948749,
    0.8421463414634146,
    0.8457120221826104,
    0.8276140492531288,
    0.8309802339653086,
    0.8257328990228013,
    0.8550277606415793,
    0.8709677419354839,
    0.8226065969428801,
    0.8306356099486775,
    0.8192771084337349,
    0.8696525406708174,
    0.8277511961722488,
    0.8926577042399173,
    0.8603031544448996,
    0.8756911734589392,
    0.8239043824701195
  ],
  "val_f1": [
    0.711217183770883,
    0.7346938775510204,
    0.8503937007874016,
    0.9514767932489452,
    0.9574468085106383,
    0.9295454545454546,
    0.9568034557235421,
    0.9461883408071748,
    0.9633620689655172,
    0.9607843137254902,
    0.9672489082969432,
    0.9776357827476039,
    0.9595628415300547,
    0.9732620320855615,
    0.9797225186766275,
    0.9721627408993576,
    0.9777306468716861,
    0.9776357827476039,
    0.978494623655914,
    0.9818569903948773,
    0.9795918367346939,
    0.9819341126461212,
    0.9828693790149893,
    0.9818181818181818,
    0.9829424307036247
  ],
  "val_prec": [
    0.7989276139410187,
    0.8315217391304348,
    0.8915094339622641,
    0.9337474120082816,
    0.9473684210526315,
    0.9855421686746988,
    0.9609544468546638,
    0.9882903981264637,
    0.9654427645788337,
    0.9735099337748344,
    0.9822616407982262,
    0.9683544303797469,
    0.9755555555555555,
    0.9680851063829787,
    0.972457627118644,
    0.9680170575692963,
    0.9644351464435147,
    0.9683544303797469,
    0.978494623655914,
    0.9745762711864406,
    0.9785407725321889,
    0.9705882352941176,
    0.9786780383795309,
    0.9765957446808511,
    0.9746300211416491
  ],
  "val_rec": [
    0.6408602150537634,
    0.6580645161290323,
    0.8129032258064516,
    0.9698924731182795,
    0.967741935483871,
    0.8795698924731182,
    0.9526881720430107,
    0.9075268817204301,
    0.9612903225806452,
    0.9483870967741935,
    0.9526881720430107,
    0.9870967741935484,
    0.9440860215053763,
    0.978494623655914,
    0.9870967741935484,
    0.9763440860215054,
    0.9913978494623656,
    0.9870967741935484,
    0.978494623655914,
    0.989247311827957,
    0.9806451612903225,
    0.9935483870967742,
    0.9870967741935484,
    0.9870967741935484,
    0.9913978494623656
  ],
  "val_auc": [
    0.5190143369175628,
    0.6068548387096774,
    0.7826433691756274,
    0.9477508960573476,
    0.9569444444444445,
    0.9646057347670252,
    0.9642293906810037,
    0.9800179211469534,
    0.9668727598566308,
    0.972652329749104,
    0.9750089605734766,
    0.981353046594982,
    0.9775985663082438,
    0.9766308243727598,
    0.9859498207885304,
    0.9688351254480287,
    0.9842831541218637,
    0.975931899641577,
    0.9775179211469534,
    0.9841666666666666,
    0.9857258064516129,
    0.9804749103942652,
    0.9854121863799283,
    0.9818727598566308,
    0.9821146953405018
  ]
}