{
  "dataset": "LUNA16 subsets 2+7-9 (patient-level split)",
  "split": {
    "train": "subset2 + subset7",
    "val": "subset8",
    "test": "subset9"
  },
  "model": {
    "backbone": "resnet50_cbam",
    "best_epoch": 25
  },
  "train_size": 1407,
  "val_size": 866,
  "test_size": 662,
  "loss": "FocalLoss(alpha=0.25, gamma=2.0)",
  "augmentation": [
    "flip",
    "rotate",
    "color-jitter",
    "random-erasing",
    "mixup(alpha=0.4)"
  ],
  "test_single_pass": {
    "threshold": 0.5,
    "accuracy": 0.9531722054380665,
    "balanced_acc": 0.9296050770039209,
    "precision": 0.9692307692307692,
    "recall": 0.9710982658959537,
    "specificity": 0.8881118881118881,
    "f1": 0.9701636188642926,
    "mcc": 0.8614007676529923,
    "roc_auc": 0.9782529609119205,
    "pr_auc": 0.9908996601123046,
    "confusion": {
      "TP": 504,
      "FP": 16,
      "TN": 127,
      "FN": 15
    }
  },
  "test_tta": {
    "threshold": 0.5,
    "accuracy": 0.9652567975830816,
    "balanced_acc": 0.9474446555371411,
    "precision": 0.9769230769230769,
    "recall": 0.9788053949903661,
    "specificity": 0.916083916083916,
    "f1": 0.9778633301251203,
    "mcc": 0.8971708911121744,
    "roc_auc": 0.9851785978953609,
    "pr_auc": 0.994945935456828,
    "confusion": {
      "TP": 508,
      "FP": 12,
      "TN": 131,
      "FN": 11
    }
  }
}