{
  "train_loss": [
    0.08483877666321052,
    0.07169219890679547,
    0.07141320149506249,
    0.0537257940159593,
    0.03955316845679758,
    0.03512546716505488,
    0.03446612319781286,
    0.029160385413920107,
    0.027246656649571915,
    0.02667356145719772,
    0.029695182855359485,
    0.020208342484706203,
    0.028104689790368842,
    0.024585610526986552,
    0.017276782665584387,
    0.019281356674887097,
    0.017179766432239854,
    0.015670212405365074,
    0.018390307921781215,
    0.011208468592409957,
    0.018809787947591857,
    0.011732278842817894,
    0.017858098332214817,
    0.023639189165453583,
    0.017047567154044537
  ],
  "val_loss": [
    0.04410824726828251,
    0.04428200600088056,
    0.042279672316398134,
    0.03987309616274151,
    0.04973875776828024,
    0.04675026864295193,
    0.042691794514449585,
    0.02971018946301579,
    0.021927341147741048,
    0.025951563133309676,
    0.019994099381407743,
    0.01931721826382928,
    0.01799019284580789,
    0.015952362253074694,
    0.01303215542223141,
    0.013478705175565105,
    0.013734570977559816,
    0.012922728053502756,
    0.012547844685356005,
    0.012412262572874649,
    0.011226830087757,
    0.011527862462191465,
    0.011288717180473288,
    0.011352405377919624,
    0.011342899723292499
  ],
  "train_acc": [
    0.48898365316275766,
    0.5131485429992892,
    0.5401563610518835,
    0.587775408670931,
    0.6467661691542289,
    0.6929637526652452,
    0.7313432835820896,
    0.7263681592039801,
    0.7547974413646056,
    0.7718550106609808,
    0.7896233120113717,
    0.8784648187633263,
    0.7661691542288557,
    0.8308457711442786,
    0.8798862828713575,
    0.9026297085998578,
    0.822316986496091,
    0.8692253020611229,
    0.8578535891968728,
    0.8756218905472637,
    0.8614072494669509,
    0.8848614072494669,
    0.8166311300639659,
    0.835820895522388,
    0.7739872068230277
  ],
  "val_acc": [
    0.3683602771362587,
    0.4237875288683603,
    0.5808314087759815,
    0.651270207852194,
    0.605080831408776,
    0.6466512702078522,
    0.5346420323325635,
    0.8106235565819861,
    0.8868360277136259,
    0.8314087759815243,
    0.8833718244803695,
    0.8729792147806005,
    0.9041570438799076,
    0.9122401847575058,
    0.9249422632794457,
    0.9295612009237876,
    0.9237875288683602,
    0.9214780600461894,
    0.9318706697459584,
    0.9318706697459584,
    0.9399538106235565,
    0.9376443418013857,
    0.9376443418013857,
    0.9376443418013857,
    0.941108545034642
  ],
  "train_f1": [
    0.4816149963950973,
    0.5010924981791697,
    0.5203854707190512,
    0.577259475218659,
    0.6421886249100072,
    0.6878612716763006,
    0.7140695915279879,
    0.7175348495964784,
    0.7352264006139677,
    0.7721788502484032,
    0.7938718662952646,
    0.8770668583752695,
    0.7505686125852918,
    0.8316831683168316,
    0.8761904761904762,
    0.8996336996336997,
    0.8204022988505747,
    0.8707865168539326,
    0.8577524893314367,
    0.8797250859106529,
    0.8577680525164114,
    0.8859154929577465,
    0.8185654008438819,
    0.831016825164594,
    0.776685393258427
  ],
  "val_f1": [
    0.3995609220636663,
    0.48074921956295524,
    0.688412017167382,
    0.7595541401273885,
    0.6791744840525328,
    0.7320490367775832,
    0.5883554647599591,
    0.8694267515923567,
    0.9265367316341829,
    0.8859375,
    0.921644685802948,
    0.9155145929339478,
    0.9378277153558052,
    0.9446870451237264,
    0.9525893508388038,
    0.954307116104869,
    0.9508196721311475,
    0.9487179487179487,
    0.9560029828486204,
    0.9560685033507074,
    0.9614243323442137,
    0.9598214285714286,
    0.9598811292719168,
    0.9599406528189911,
    0.9621380846325167
  ],
  "val_prec": [
    0.7615062761506276,
    0.7993079584775087,
    0.8133874239350912,
    0.8167808219178082,
    0.9187817258883249,
    0.8893617021276595,
    0.9381107491856677,
    0.934931506849315,
    0.9335347432024169,
    0.9325657894736842,
    0.9627228525121556,
    0.946031746031746,
    0.9441930618401206,
    0.9245014245014245,
    0.9341917024320457,
    0.9607843137254902,
    0.9522388059701492,
    0.9617737003058104,
    0.9581464872944694,
    0.9567809239940388,
    0.9585798816568047,
    0.9598214285714286,
    0.9584569732937686,
    0.9571005917159763,
    0.96
  ],
  "val_rec": [
    0.2708333333333333,
    0.34375,
    0.5967261904761905,
    0.7098214285714286,
    0.5386904761904762,
    0.6220238095238095,
    0.42857142857142855,
    0.8125,
    0.9196428571428571,
    0.84375,
    0.8839285714285714,
    0.8869047619047619,
    0.9315476190476191,
    0.9657738095238095,
    0.9717261904761905,
    0.9479166666666666,
    0.9494047619047619,
    0.9360119047619048,
    0.9538690476190477,
    0.9553571428571429,
    0.9642857142857143,
    0.9598214285714286,
    0.9613095238095238,
    0.9627976190476191,
    0.9642857142857143
  ],
  "val_auc": [
    0.4806509266077565,
    0.5465605056455571,
    0.5951076951399117,
    0.6187101129111439,
    0.7551738156602847,
    0.7460112911143839,
    0.7655521293568974,
    0.8776463549337261,
    0.9154892304860089,
    0.8922204835542463,
    0.9333310321551301,
    0.9308074067255769,
    0.9360387518409425,
    0.9410284732449682,
    0.9618311242022584,
    0.9680558112420227,
    0.9566764850270005,
    0.966391292341679,
    0.9661535039273441,
    0.9684585174275896,
    0.9715727785959745,
    0.9704912248404517,
    0.971442378497791,
    0.9708824251350024,
    0.9710281664212077
  ]
}