{
  "train_loss": [
    0.7527606076323401,
    0.6226003140283034,
    0.4273192163733638,
    0.3458884333351017,
    0.2894711877224624,
    0.2625813672644231,
    0.2976485929082501,
    0.26885569050056934,
    0.24759403770236554,
    0.2742860777092287,
    0.24352117622464486,
    0.22432080676070357,
    0.22024480433878357,
    0.20102594883952138,
    0.19639129314514675,
    0.20150621811996422,
    0.1981989155588664,
    0.18979266647935777,
    0.1768903073495852,
    0.15329298127685356,
    0.1512206660273424,
    0.14299480711152643,
    0.16246503830099912,
    0.13686741819591744,
    0.1500596850645921,
    0.14495927421488497,
    0.14330776748475968,
    0.1349484540779842,
    0.12509312433335248,
    0.12150066216384103
  ],
  "val_loss": [
    0.7118278762214204,
    0.6481812770550067,
    0.3754124042315361,
    0.4579508386106573,
    0.37919103829269735,
    0.2688605061963073,
    0.4845083948893425,
    0.25692084548819777,
    0.34656766393245797,
    0.3399604955290118,
    0.2110702244899212,
    0.22897187287990864,
    0.20077069292211125,
    0.20332249354602944,
    0.22573214792288265,
    0.29978893141970675,
    0.2696890825135076,
    0.15804094328330112,
    0.16265892777432744,
    0.21992849725433905,
    0.13680877277993747,
    0.1276393549055116,
    0.1604750063811612,
    0.0944458413327861,
    0.11357242922879691,
    0.14901214106979532,
    0.13686775707790994,
    0.11915435948942461,
    0.10958417014051706,
    0.11972349205842385
  ],
  "train_acc": [
    0.5285599356395817,
    0.6293242156074015,
    0.7125905068382945,
    0.7699115044247787,
    0.8097345132743363,
    0.8069187449718423,
    0.7699115044247787,
    0.8105390185036203,
    0.8004827031375704,
    0.7874094931617055,
    0.8187851971037812,
    0.8161705551086083,
    0.8059131134352373,
    0.8071198712791633,
    0.8358809332260659,
    0.838495575221239,
    0.8039018503620273,
    0.7978680611423974,
    0.8121480289621883,
    0.8533789219629928,
    0.8131536604987932,
    0.8841512469831054,
    0.8507642799678198,
    0.8654465004022526,
    0.8163716814159292,
    0.8736926790024135,
    0.8451327433628318,
    0.8722847948511665,
    0.8561946902654868,
    0.8630329847144006
  ],
  "val_acc": [
    0.5367521367521367,
    0.5982905982905983,
    0.841025641025641,
    0.8034188034188035,
    0.8256410256410256,
    0.9162393162393162,
    0.7555555555555555,
    0.9008547008547009,
    0.8752136752136752,
    0.8700854700854701,
    0.9145299145299145,
    0.9452991452991453,
    0.9452991452991453,
    0.935042735042735,
    0.9247863247863248,
    0.9230769230769231,
    0.9521367521367521,
    0.9572649572649573,
    0.9504273504273504,
    0.935042735042735,
    0.9709401709401709,
    0.9726495726495726,
    0.9675213675213675,
    0.9675213675213675,
    0.9709401709401709,
    0.9692307692307692,
    0.9726495726495726,
    0.9743589743589743,
    0.9743589743589743,
    0.9726495726495726
  ],
  "train_f1": [
    0.5176954732510288,
    0.6149989555044914,
    0.6755959137343928,
    0.7501092179991262,
    0.7916299559471366,
    0.7870452528837621,
    0.7407071622846781,
    0.7858117326057299,
    0.7786702365015618,
    0.7623116707892962,
    0.8085829615466327,
    0.7959821428571429,
    0.7917116339304986,
    0.7952167414050823,
    0.8240620957309185,
    0.8268276903170153,
    0.7861373108137749,
    0.7796535847401885,
    0.801107325383305,
    0.8445297504798465,
    0.8,
    0.8755939524838013,
    0.839463435742103,
    0.8588905294241721,
    0.8005243609351104,
    0.8674546222034614,
    0.8397169025811824,
    0.8681752127880423,
    0.8499475341028332,
    0.8572027678758649
  ],
  "val_f1": [
    0.648508430609598,
    0.6837146702557201,
    0.8922363847045192,
    0.8616125150421179,
    0.8788598574821853,
    0.9459757442116868,
    0.8214731585518102,
    0.9384288747346072,
    0.9165714285714286,
    0.9122401847575058,
    0.9435665914221218,
    0.9656652360515021,
    0.9650655021834061,
    0.9584245076586433,
    0.9510022271714922,
    0.9501661129568106,
    0.9703389830508474,
    0.972972972972973,
    0.9683060109289617,
    0.9581497797356828,
    0.9817007534983854,
    0.9829059829059829,
    0.9796355841371919,
    0.9795037756202805,
    0.9818956336528222,
    0.9807692307692307,
    0.9828326180257511,
    0.9840595111583422,
    0.9840255591054313,
    0.9829059829059829
  ],
  "val_prec": [
    0.8169934640522876,
    0.9136690647482014,
    0.9673366834170855,
    0.9781420765027322,
    0.9814323607427056,
    0.9705882352941176,
    0.9791666666666666,
    0.9266247379454927,
    0.9780487804878049,
    0.9850374064837906,
    0.9928741092636579,
    0.9635974304068522,
    0.9800443458980045,
    0.9755011135857461,
    0.9861431870669746,
    0.9794520547945206,
    0.9561586638830898,
    0.9782608695652174,
    0.9844444444444445,
    0.981941309255079,
    0.9827586206896551,
    0.9766454352441614,
    0.9764957264957265,
    0.9826839826839827,
    0.9725738396624473,
    0.9745222929936306,
    0.9807280513918629,
    0.9726890756302521,
    0.9746835443037974,
    0.9766454352441614
  ],
  "val_rec": [
    0.5376344086021505,
    0.546236559139785,
    0.8279569892473119,
    0.7698924731182796,
    0.7956989247311828,
    0.9225806451612903,
    0.7075268817204301,
    0.9505376344086022,
    0.8623655913978494,
    0.8494623655913979,
    0.8989247311827957,
    0.967741935483871,
    0.9505376344086022,
    0.9419354838709677,
    0.9182795698924732,
    0.9225806451612903,
    0.9849462365591398,
    0.967741935483871,
    0.9526881720430107,
    0.9354838709677419,
    0.9806451612903225,
    0.989247311827957,
    0.9827956989247312,
    0.9763440860215054,
    0.9913978494623656,
    0.9870967741935484,
    0.9849462365591398,
    0.9956989247311828,
    0.9935483870967742,
    0.989247311827957
  ],
  "val_auc": [
    0.5770340501792115,
    0.773189964157706,
    0.9268817204301075,
    0.9266039426523297,
    0.951899641577061,
    0.9587903225806452,
    0.9495519713261649,
    0.9284856630824372,
    0.9637096774193548,
    0.9729211469534049,
    0.9833781362007168,
    0.9700179211469534,
    0.9772222222222222,
    0.982258064516129,
    0.9828494623655913,
    0.9804301075268818,
    0.9660483870967742,
    0.9889784946236558,
    0.9881093189964157,
    0.9821146953405018,
    0.9803494623655914,
    0.9863351254480286,
    0.9844086021505376,
    0.9875985663082437,
    0.9873745519713262,
    0.98831541218638,
    0.9888709677419355,
    0.9904749103942652,
    0.9900268817204302,
    0.9903763440860215
  ]
}