{
  "note": "Re-computed with pos_label = nodule (the medically relevant positive class).",
  "test_size": 1528,
  "n_nodules_in_test": 337,
  "n_non_nodules_in_test": 1191,
  "results": {
    "v1_full": {
      "accuracy": 0.9738219895287958,
      "balanced_acc": 0.957674646894239,
      "precision": 0.9513677811550152,
      "recall": 0.9287833827893175,
      "specificity": 0.9865659109991604,
      "f1": 0.93993993993994,
      "mcc": 0.9233155323031417,
      "roc_auc": 0.9928631402183039,
      "pr_auc": 0.9795726314878309,
      "confusion": {
        "TP": 313,
        "FP": 16,
        "TN": 1175,
        "FN": 24
      }
    },
    "v1_full_tta": {
      "accuracy": 0.9770942408376964,
      "balanced_acc": 0.9619014517885127,
      "precision": 0.9603658536585366,
      "recall": 0.9347181008902077,
      "specificity": 0.9890848026868178,
      "f1": 0.9473684210526315,
      "mcc": 0.9328731840611596,
      "roc_auc": 0.9934249701644631,
      "pr_auc": 0.9821926186705471,
      "confusion": {
        "TP": 315,
        "FP": 13,
        "TN": 1178,
        "FN": 22
      }
    },
    "v2_full": {
      "accuracy": 0.9731675392670157,
      "balanced_acc": 0.9551271031250701,
      "precision": 0.9539877300613497,
      "recall": 0.9228486646884273,
      "specificity": 0.9874055415617129,
      "f1": 0.9381598793363499,
      "mcc": 0.9212393744997722,
      "roc_auc": 0.9916535240814517,
      "pr_auc": 0.9801508706608647,
      "confusion": {
        "TP": 311,
        "FP": 15,
        "TN": 1176,
        "FN": 26
      }
    },
    "v3_full": {
      "accuracy": 0.9692408376963351,
      "balanced_acc": 0.953672075681359,
      "precision": 0.9341317365269461,
      "recall": 0.9258160237388724,
      "specificity": 0.9815281276238456,
      "f1": 0.9299552906110283,
      "mcc": 0.9102642334075525,
      "roc_auc": 0.9896030316393725,
      "pr_auc": 0.9743498684600995,
      "confusion": {
        "TP": 312,
        "FP": 22,
        "TN": 1169,
        "FN": 25
      }
    }
  }
}