{
  "split_scheme": {
    "train": "subsets 0-6",
    "val": "subset 7",
    "test": "subsets 8+9"
  },
  "train_size": 4972,
  "val_size": 585,
  "test_size": 1528,
  "v1_full": {
    "backbone": "resnet50",
    "loss": "weighted_CE",
    "tta": false,
    "test": {
      "accuracy": 0.9738219895287958,
      "balanced_acc": 0.957674646894239,
      "precision": 0.9799833194328608,
      "recall": 0.9865659109991604,
      "specificity": 0.9287833827893175,
      "f1": 0.9832635983263598,
      "mcc": 0.9233155323031417,
      "roc_auc": 0.9928631402183039,
      "pr_auc": 0.9978265156235216,
      "confusion": {
        "TP": 1175,
        "FP": 24,
        "TN": 313,
        "FN": 16
      }
    }
  },
  "v2_full": {
    "backbone": "resnet50_cbam",
    "loss": "focal",
    "tta": true,
    "test_single": {
      "accuracy": 0.9712041884816754,
      "balanced_acc": 0.9538676572812413,
      "precision": 0.9783152627189324,
      "recall": 0.9848866498740554,
      "specificity": 0.9228486646884273,
      "f1": 0.9815899581589959,
      "mcc": 0.9156352890018131,
      "roc_auc": 0.9878976099181049,
      "pr_auc": 0.9951348139494366,
      "confusion": {
        "TP": 1173,
        "FP": 26,
        "TN": 311,
        "FN": 18
      }
    },
    "test_tta": {
      "accuracy": 0.9731675392670157,
      "balanced_acc": 0.9551271031250701,
      "precision": 0.978369384359401,
      "recall": 0.9874055415617129,
      "specificity": 0.9228486646884273,
      "f1": 0.9828666945257,
      "mcc": 0.9212393744997722,
      "roc_auc": 0.9916535240814517,
      "pr_auc": 0.9965950209509655,
      "confusion": {
        "TP": 1176,
        "FP": 26,
        "TN": 311,
        "FN": 15
      }
    }
  },
  "v3_full": {
    "backbone": "densenet121_cbam",
    "loss": "focal",
    "tta": true,
    "test_single": {
      "accuracy": 0.962696335078534,
      "balanced_acc": 0.9420268731609724,
      "precision": 0.9732888146911519,
      "recall": 0.979009235936188,
      "specificity": 0.9050445103857567,
      "f1": 0.9761406446211804,
      "mcc": 0.8907670033292682,
      "roc_auc": 0.9881617073650799,
      "pr_auc": 0.9960892347653989,
      "confusion": {
        "TP": 1166,
        "FP": 32,
        "TN": 305,
        "FN": 25
      }
    },
    "test_tta": {
      "accuracy": 0.9692408376963351,
      "balanced_acc": 0.953672075681359,
      "precision": 0.9790619765494137,
      "recall": 0.9815281276238456,
      "specificity": 0.9258160237388724,
      "f1": 0.980293501048218,
      "mcc": 0.9102642334075525,
      "roc_auc": 0.9896005401540237,
      "pr_auc": 0.995978958920344,
      "confusion": {
        "TP": 1169,
        "FP": 25,
        "TN": 312,
        "FN": 22
      }
    }
  }
}