{
  "train_loss": [
    0.06598664926101573,
    0.05494141345148656,
    0.04552509656603572,
    0.03662899411637561,
    0.03282974289456156,
    0.02545562647839091,
    0.036037883814622855,
    0.02392014961652643,
    0.02088559660782565,
    0.020339523007538548,
    0.025718140059071987,
    0.014090316027254607,
    0.026093875651738284,
    0.021816805240717354,
    0.012956190593514192,
    0.016110221992359994,
    0.012947065890756752,
    0.011314278136205402,
    0.015359765642826321,
    0.008131077626287175,
    0.014605485158360165,
    0.010197730840520712,
    0.016490201194232494,
    0.02127706316679017,
    0.014757532332497618
  ],
  "val_loss": [
    0.04285706139188991,
    0.042177497174840324,
    0.0374717761441962,
    0.07175598567132312,
    0.03787787288737077,
    0.029410433024168015,
    0.029358354274519046,
    0.012494817444964314,
    0.01351063583028991,
    0.0120746240763996,
    0.011406835009436409,
    0.012609579929475421,
    0.01181117713442782,
    0.013736193461932982,
    0.01166597606751887,
    0.010545857384043808,
    0.009837893261541946,
    0.009815019512372672,
    0.009684413221963697,
    0.009528911016520121,
    0.008993735917635245,
    0.008751516299231911,
    0.00869763452198365,
    0.009111471000981386,
    0.008732632492985103
  ],
  "train_acc": [
    0.5415778251599147,
    0.587775408670931,
    0.6432125088841507,
    0.7256574271499645,
    0.7590618336886994,
    0.8038379530916845,
    0.7810945273631841,
    0.7711442786069652,
    0.8052594171997157,
    0.822316986496091,
    0.8336886993603412,
    0.914001421464108,
    0.7775408670931059,
    0.8415067519545132,
    0.8990760483297797,
    0.9175550817341862,
    0.8372423596304194,
    0.9104477611940298,
    0.8742004264392325,
    0.8962331201137171,
    0.8941009239516702,
    0.9047619047619048,
    0.845771144278607,
    0.8443496801705757,
    0.7938877043354655
  ],
  "val_acc": [
    0.6720554272517321,
    0.6662817551963048,
    0.7217090069284064,
    0.6454965357967667,
    0.7956120092378753,
    0.8302540415704388,
    0.766743648960739,
    0.9318706697459584,
    0.9284064665127021,
    0.9364896073903002,
    0.9434180138568129,
    0.9330254041570438,
    0.9422632794457275,
    0.9399538106235565,
    0.9387990762124712,
    0.9480369515011547,
    0.9503464203233256,
    0.9445727482678984,
    0.9445727482678984,
    0.953810623556582,
    0.953810623556582,
    0.9549653579676675,
    0.9561200923787528,
    0.9515011547344111,
    0.953810623556582
  ],
  "train_f1": [
    0.5467322557976106,
    0.5760233918128655,
    0.6513888888888889,
    0.7186588921282799,
    0.7600849256900213,
    0.8064516129032258,
    0.7656012176560122,
    0.7709815078236131,
    0.8123287671232877,
    0.8198847262247838,
    0.8291970802919708,
    0.9159138290479499,
    0.7800421644413211,
    0.8403722261989979,
    0.895741556534508,
    0.9167862266857962,
    0.8408617095205003,
    0.9147496617050067,
    0.8793456032719836,
    0.8948126801152738,
    0.889054355919583,
    0.9057665260196905,
    0.846643109540636,
    0.8381374722838137,
    0.7892441860465116
  ],
  "val_f1": [
    0.7945007235890015,
    0.7726199842643587,
    0.7934875749785776,
    0.7106503298774741,
    0.854320987654321,
    0.8805848903330625,
    0.8313856427378965,
    0.9565857247976454,
    0.952887537993921,
    0.958924570575056,
    0.964155084125823,
    0.9566517189835575,
    0.9626865671641791,
    0.9607250755287009,
    0.9613983976693372,
    0.9662921348314607,
    0.9683590875643856,
    0.9647577092511013,
    0.9651162790697675,
    0.9703703703703703,
    0.9707602339181286,
    0.9713445995591476,
    0.9721407624633431,
    0.9693430656934306,
    0.9707174231332357
  ],
  "val_prec": [
    0.7732394366197183,
    0.8196994991652755,
    0.9353535353535354,
    0.9691516709511568,
    0.9558011049723757,
    0.9695885509838998,
    0.9467680608365019,
    0.9461426491994177,
    0.9736024844720497,
    0.9625187406296851,
    0.9482014388489208,
    0.960960960960961,
    0.9655688622754491,
    0.9754601226993865,
    0.9415121255349501,
    0.9728506787330317,
    0.9577874818049491,
    0.9521739130434783,
    0.9431818181818182,
    0.9660766961651918,
    0.9540229885057471,
    0.9593613933236574,
    0.958092485549133,
    0.9512893982808023,
    0.9553314121037464
  ],
  "val_rec": [
    0.8169642857142857,
    0.7306547619047619,
    0.6889880952380952,
    0.5610119047619048,
    0.7723214285714286,
    0.8065476190476191,
    0.7410714285714286,
    0.9672619047619048,
    0.9330357142857143,
    0.9553571428571429,
    0.9806547619047619,
    0.9523809523809523,
    0.9598214285714286,
    0.9464285714285714,
    0.9821428571428571,
    0.9598214285714286,
    0.9791666666666666,
    0.9776785714285714,
    0.9880952380952381,
    0.9747023809523809,
    0.9880952380952381,
    0.9836309523809523,
    0.9866071428571429,
    0.9880952380952381,
    0.9866071428571429
  ],
  "val_auc": [
    0.5066082167403044,
    0.6297404270986746,
    0.8376135247913599,
    0.9081523073146784,
    0.8970146048109967,
    0.9400274607265587,
    0.8974901816396663,
    0.9720023318605793,
    0.9702496011291114,
    0.9704682130584192,
    0.9704835542464408,
    0.9693252945508101,
    0.9702419305351007,
    0.9780621011291114,
    0.9715267550319096,
    0.9809232326951399,
    0.9779892304860088,
    0.9778703362788413,
    0.9806739383897889,
    0.9794044550810016,
    0.9804860088365243,
    0.9815637272950417,
    0.981939586401571,
    0.981939586401571,
    0.9822042218949435
  ]
}