{
  "train_loss": [
    0.8132830978458763,
    0.7587619427941803,
    0.701251676856962,
    0.5961207729119521,
    0.3948070767088833,
    0.31870032095501566,
    0.2873220989082614,
    0.27475393766011946,
    0.23914880125950544,
    0.32251703195337555,
    0.17175287599237557,
    0.2132828747614836,
    0.1424061119874828,
    0.1766749103864034,
    0.08165866700757263,
    0.08824231477183664,
    0.09694886630416935,
    0.05609050934386049,
    0.06264253630597368,
    0.06186480178282811
  ],
  "val_loss": [
    0.7427501378378747,
    0.7420168861781202,
    0.6949890612454668,
    0.562975749820815,
    0.5951819823190191,
    1.0142720886796506,
    0.6443269134393741,
    0.874566899505003,
    0.9647721231121389,
    0.9578408671857028,
    0.40838536551312543,
    0.41052652492809516,
    0.34277001966229764,
    0.3825762847279291,
    0.24595758958997133,
    0.21579830159215949,
    0.23050781926161698,
    0.22299617060888172,
    0.2052530983923214,
    0.21159352685645325
  ],
  "train_acc": [
    0.49572649572649574,
    0.5247863247863248,
    0.5914529914529915,
    0.6547008547008547,
    0.7606837606837606,
    0.7675213675213676,
    0.8,
    0.8427350427350427,
    0.8341880341880342,
    0.8786324786324786,
    0.8888888888888888,
    0.9213675213675213,
    0.905982905982906,
    0.8991452991452992,
    0.947008547008547,
    0.9487179487179487,
    0.9555555555555556,
    0.9623931623931624,
    0.9692307692307692,
    0.9572649572649573
  ],
  "val_acc": [
    0.3683602771362587,
    0.40300230946882215,
    0.5392609699769053,
    0.7251732101616628,
    0.7367205542725174,
    0.836027713625866,
    0.8002309468822171,
    0.7806004618937644,
    0.8036951501154734,
    0.859122401847575,
    0.8672055427251733,
    0.8498845265588915,
    0.8983833718244804,
    0.8845265588914549,
    0.9226327944572749,
    0.9295612009237876,
    0.9168591224018475,
    0.9284064665127021,
    0.9364896073903002,
    0.9284064665127021
  ],
  "train_f1": [
    0.49744463373083475,
    0.5335570469798657,
    0.5983193277310924,
    0.6405693950177936,
    0.7416974169741697,
    0.7224489795918367,
    0.7597535934291582,
    0.8321167883211679,
    0.8032454361054767,
    0.8747795414462081,
    0.8849557522123894,
    0.9163636363636364,
    0.9026548672566371,
    0.8905380333951762,
    0.9462738301559792,
    0.95,
    0.953405017921147,
    0.9627118644067797,
    0.968421052631579,
    0.9588138385502472
  ],
  "val_f1": [
    0.42238648363252373,
    0.45406546990496305,
    0.6402164111812444,
    0.8166409861325116,
    0.8181818181818182,
    0.9011142061281338,
    0.8638867033831629,
    0.8604992657856094,
    0.8744460856720827,
    0.9126074498567335,
    0.9107835531419706,
    0.8982785602503912,
    0.93519882179676,
    0.9226006191950464,
    0.9497374343585896,
    0.9550478997789241,
    0.947136563876652,
    0.9546783625730995,
    0.9595290654893304,
    0.9544117647058824
  ],
  "val_prec": [
    0.7272727272727273,
    0.7818181818181819,
    0.8123569794050344,
    0.8466453674121406,
    0.8814432989690721,
    0.8468586387434555,
    0.9165275459098498,
    0.8492753623188406,
    0.8680351906158358,
    0.8798342541436464,
    0.9513776337115073,
    0.9471947194719472,
    0.9256559766763849,
    0.9612903225806452,
    0.9576399394856279,
    0.945985401459854,
    0.9347826086956522,
    0.9382183908045977,
    0.9490538573508006,
    0.9433139534883721
  ],
  "val_rec": [
    0.2976190476190476,
    0.31994047619047616,
    0.5282738095238095,
    0.7886904761904762,
    0.7633928571428571,
    0.9627976190476191,
    0.8169642857142857,
    0.8720238095238095,
    0.8809523809523809,
    0.9479166666666666,
    0.8735119047619048,
    0.8541666666666666,
    0.9449404761904762,
    0.8869047619047619,
    0.9419642857142857,
    0.9642857142857143,
    0.9598214285714286,
    0.9717261904761905,
    0.9702380952380952,
    0.9657738095238095
  ],
  "val_auc": [
    0.44438052282768775,
    0.5167755891016201,
    0.5820101558664703,
    0.7054683664702994,
    0.8092898564064801,
    0.8261574926362298,
    0.8575378927344133,
    0.7990381075110458,
    0.7958663168875798,
    0.8134664948453609,
    0.9217139175257731,
    0.9198231161021111,
    0.926331615120275,
    0.9471994661266568,
    0.954045471281296,
    0.9561088610702013,
    0.9599901816396662,
    0.9612596649484536,
    0.9648725147275405,
    0.9642396907216495
  ]
}