{
  "train_loss": [
    0.7661437307359322,
    0.6742032791756855,
    0.4448888554078192,
    0.2592145496213618,
    0.22230600586651028,
    0.19930783324153406,
    0.17965417438016623,
    0.18428216218852458,
    0.17515765805447764,
    0.15289866130676177,
    0.14501158010786996,
    0.13276835158766995,
    0.12070029797759252,
    0.12074147051534438,
    0.10202167083060464,
    0.10584879876957339,
    0.08175498013379395,
    0.06975799588574964,
    0.07591327007077724,
    0.07083032913775762,
    0.05826850694005564,
    0.05786003373497355,
    0.047137731813607635,
    0.05356374625431273,
    0.03136947971026167,
    0.03262713910713612,
    0.023533732589852734,
    0.02654577321009538,
    0.024313731450581518,
    0.022783310169823115
  ],
  "val_loss": [
    0.7491229709397015,
    0.8030190942633865,
    0.6177941117531214,
    0.39813655561361555,
    0.4521195989388686,
    0.6039544732652159,
    0.2344523417389291,
    0.49017933912766287,
    0.42951305523896827,
    0.31023581048362275,
    0.2947873751577149,
    0.19002819968085002,
    0.1693650530762652,
    0.17416275688407257,
    0.2063620985700534,
    0.15004016069583914,
    0.20911319599701808,
    0.1394783853720396,
    0.11817222415851668,
    0.10876407866390088,
    0.10134674871388154,
    0.11798079278813596,
    0.10551327496655603,
    0.07969125591648313,
    0.09333830730488094,
    0.08799294426870079,
    0.08288437484676002,
    0.08731347480510226,
    0.09341037005970143,
    0.09285090896917873
  ],
  "train_acc": [
    0.5170957361222848,
    0.57864038616251,
    0.7216411906677394,
    0.832461786001609,
    0.8777152051488335,
    0.8867658889782783,
    0.9036604987932422,
    0.9008447304907482,
    0.9044650040225262,
    0.9117055510860821,
    0.916934835076428,
    0.9320193081255028,
    0.9332260659694288,
    0.9356395816572808,
    0.9440868865647627,
    0.9473049074818987,
    0.9555510860820595,
    0.9595736122284795,
    0.9583668543845535,
    0.9639983909895414,
    0.9676186645213194,
    0.9710378117457763,
    0.9736524537409493,
    0.9714400643604183,
    0.9833065164923572,
    0.9810941271118262,
    0.9883346741753821,
    0.9867256637168141,
    0.9871279163314561,
    0.9855189058728882
  ],
  "val_acc": [
    0.4376068376068376,
    0.46324786324786327,
    0.67008547008547,
    0.9247863247863248,
    0.7982905982905983,
    0.8615384615384616,
    0.8974358974358975,
    0.8683760683760684,
    0.864957264957265,
    0.8837606837606837,
    0.8854700854700854,
    0.9401709401709402,
    0.9264957264957265,
    0.9401709401709402,
    0.9247863247863248,
    0.9418803418803419,
    0.9299145299145299,
    0.9521367521367521,
    0.9726495726495726,
    0.9623931623931624,
    0.9692307692307692,
    0.9572649572649573,
    0.976068376068376,
    0.976068376068376,
    0.976068376068376,
    0.976068376068376,
    0.9777777777777777,
    0.976068376068376,
    0.9777777777777777,
    0.9777777777777777
  ],
  "train_f1": [
    0.5023834196891191,
    0.5522547552895918,
    0.6706330318895763,
    0.8123451227753998,
    0.8679409209383145,
    0.8798805205888628,
    0.8956654323676759,
    0.8953957139826013,
    0.8995983935742972,
    0.9069323722705109,
    0.9117332763410986,
    0.9301941346551011,
    0.9297205757832345,
    0.9328577423415862,
    0.9419624217118998,
    0.9458901280462618,
    0.953503050704818,
    0.9580463368816531,
    0.9580547112462006,
    0.9638894492636675,
    0.9667972777892349,
    0.9706601466992665,
    0.9731392249333607,
    0.971149939049167,
    0.9830439223697651,
    0.9811623246492986,
    0.988292289059346,
    0.9868158210147823,
    0.9868149979398434,
    0.9853479853479854
  ],
  "val_f1": [
    0.5022692889561271,
    0.525679758308157,
    0.7496757457846952,
    0.9521739130434783,
    0.8553921568627451,
    0.9076396807297605,
    0.9325842696629213,
    0.9105691056910569,
    0.911731843575419,
    0.9232505643340858,
    0.9232531500572738,
    0.9619151251360174,
    0.9524861878453039,
    0.9614112458654906,
    0.9508928571428571,
    0.962882096069869,
    0.9545957918050941,
    0.9692307692307692,
    0.9829059829059829,
    0.9760869565217392,
    0.9805194805194806,
    0.9726775956284153,
    0.9849785407725322,
    0.9849462365591398,
    0.9850427350427351,
    0.9850427350427351,
    0.9860664523043944,
    0.9850107066381156,
    0.986096256684492,
    0.986096256684492
  ],
  "val_prec": [
    0.8469387755102041,
    0.883248730964467,
    0.9444444444444444,
    0.9626373626373627,
    0.9943019943019943,
    0.9660194174757282,
    0.9764705882352941,
    0.98989898989899,
    0.9488372093023256,
    0.9714964370546318,
    0.9877450980392157,
    0.973568281938326,
    0.9795454545454545,
    0.9864253393665159,
    0.988399071925754,
    0.9778270509977827,
    0.9840182648401826,
    0.9910112359550561,
    0.9766454352441614,
    0.9868131868131869,
    0.9869281045751634,
    0.9888888888888889,
    0.9828693790149893,
    0.9849462365591398,
    0.9787685774946921,
    0.9787685774946921,
    0.9829059829059829,
    0.9808102345415778,
    0.9808510638297873,
    0.9808510638297873
  ],
  "val_rec": [
    0.35698924731182796,
    0.3741935483870968,
    0.621505376344086,
    0.9419354838709677,
    0.7505376344086021,
    0.8559139784946237,
    0.8924731182795699,
    0.843010752688172,
    0.8774193548387097,
    0.8795698924731182,
    0.8666666666666667,
    0.9505376344086022,
    0.9268817204301075,
    0.9376344086021505,
    0.9161290322580645,
    0.9483870967741935,
    0.9268817204301075,
    0.9483870967741935,
    0.989247311827957,
    0.9655913978494624,
    0.9741935483870968,
    0.956989247311828,
    0.9870967741935484,
    0.9849462365591398,
    0.9913978494623656,
    0.9913978494623656,
    0.989247311827957,
    0.989247311827957,
    0.9913978494623656,
    0.9913978494623656
  ],
  "val_auc": [
    0.5560663082437276,
    0.6373655913978494,
    0.8654928315412187,
    0.9312634408602151,
    0.9370519713261648,
    0.9119623655913979,
    0.9717921146953405,
    0.9667383512544804,
    0.9211559139784947,
    0.9546326164874552,
    0.9748207885304659,
    0.9649283154121864,
    0.9823566308243727,
    0.9800985663082438,
    0.9795878136200717,
    0.9829301075268817,
    0.9800537634408603,
    0.9862813620071684,
    0.9769444444444445,
    0.9830465949820788,
    0.9896326164874552,
    0.9895071684587813,
    0.9847401433691756,
    0.9917114695340502,
    0.99,
    0.9918458781362007,
    0.9924910394265234,
    0.9911111111111112,
    0.9913351254480287,
    0.9915412186379929
  ]
}