{
  "train_loss": [
    0.07478946353266148,
    0.05827876199291583,
    0.03658573258269581,
    0.021704697298157244,
    0.017885329937584824,
    0.0158520157120025,
    0.012460600308645351,
    0.01033266836197407,
    0.012258336370569606,
    0.018205992000856326,
    0.03440365620176229,
    0.031091952229657435,
    0.02166243273186425,
    0.013586290074289084,
    0.011508539616679496,
    0.010352754864275263,
    0.009685152700681866,
    0.007322705861807397,
    0.008189353667243068,
    0.008117370131370864,
    0.007009799688476065,
    0.006227620648803101,
    0.006057402698962993,
    0.004600665407582716,
    0.004600821025459783,
    0.004201264619641456,
    0.004178750102632257,
    0.003993369229077957,
    0.003717413433709078,
    0.0035442242898797724
  ],
  "val_loss": [
    0.050263649569107935,
    0.03972410766774009,
    0.026570968396770648,
    0.011367495484952616,
    0.010830506851944404,
    0.01229161580121065,
    0.014334685667457743,
    0.007974624172107786,
    0.021985373996261857,
    0.03425437517655201,
    7.330752767159994,
    0.01173701439665742,
    0.013911381697393635,
    0.009750806532688757,
    0.007751454972228211,
    0.010606020033502807,
    0.009446873276098432,
    0.010203636114452727,
    0.012847186777034017,
    0.00845330453131539,
    0.005974106184947185,
    0.006899874805511099,
    0.007927710730900877,
    0.006817379957622187,
    0.007988314189934212,
    0.008329598752594689,
    0.008743316752380397,
    0.008471035440034495,
    0.008649221764385907,
    0.008963546771247688
  ],
  "train_acc": [
    0.5450522928399034,
    0.6351568785197104,
    0.7711182622687047,
    0.8682622687047465,
    0.9056717618664522,
    0.9133145615446501,
    0.9310136765888978,
    0.9412711182622687,
    0.9314159292035398,
    0.918342719227675,
    0.8684633950120676,
    0.8950120675784392,
    0.9094931617055511,
    0.924175382139984,
    0.9372485921158488,
    0.9469026548672567,
    0.9473049074818987,
    0.9581657280772325,
    0.9577634754625906,
    0.9549477071600966,
    0.9625905068382945,
    0.9623893805309734,
    0.9696299275945294,
    0.9740547063555913,
    0.9750603378921963,
    0.9788817377312953,
    0.9742558326629123,
    0.9766693483507642,
    0.9790828640386162,
    0.9823008849557522
  ],
  "val_acc": [
    0.6051282051282051,
    0.7743589743589744,
    0.8735042735042735,
    0.9418803418803419,
    0.935042735042735,
    0.9230769230769231,
    0.9196581196581196,
    0.9555555555555556,
    0.905982905982906,
    0.8854700854700854,
    0.8102564102564103,
    0.9418803418803419,
    0.9418803418803419,
    0.9487179487179487,
    0.9658119658119658,
    0.9504273504273504,
    0.9658119658119658,
    0.9675213675213675,
    0.9606837606837607,
    0.9692307692307692,
    0.9692307692307692,
    0.9692307692307692,
    0.9675213675213675,
    0.9743589743589743,
    0.9709401709401709,
    0.9726495726495726,
    0.9675213675213675,
    0.9658119658119658,
    0.9658119658119658,
    0.9641025641025641
  ],
  "train_f1": [
    0.5472377902321858,
    0.6395071542130366,
    0.7796281951975214,
    0.8695478988249352,
    0.9062562462522487,
    0.9129820310922673,
    0.9309442319307429,
    0.941200161095449,
    0.9318953465148792,
    0.9211650485436893,
    0.8693045563549161,
    0.895725129844187,
    0.9092375958047599,
    0.924342765402368,
    0.9362224039247752,
    0.9481132075471698,
    0.947746310331073,
    0.9587137753076618,
    0.9564857024450891,
    0.9550200803212852,
    0.9628594249201278,
    0.9618289446825883,
    0.968910850319127,
    0.9738813525005062,
    0.9752099160335865,
    0.9786194257788637,
    0.9748427672955975,
    0.9768,
    0.9794547609640458,
    0.9825811559778306
  ],
  "val_f1": [
    0.7220216606498195,
    0.8607594936708861,
    0.9243353783231084,
    0.9634408602150538,
    0.96,
    0.9510337323177367,
    0.9480662983425414,
    0.9719222462203023,
    0.9384098544232923,
    0.9254727474972191,
    0.892128279883382,
    0.9638297872340426,
    0.9627192982456141,
    0.9683544303797469,
    0.9785867237687366,
    0.9687162891046386,
    0.9786780383795309,
    0.9796791443850268,
    0.9754010695187165,
    0.9808102345415778,
    0.9806034482758621,
    0.9808102345415778,
    0.9797225186766275,
    0.9839228295819936,
    0.9818956336528222,
    0.9829787234042553,
    0.9796791443850268,
    0.9786324786324786,
    0.9786780383795309,
    0.9776357827476039
  ],
  "val_prec": [
    0.819672131147541,
    0.84472049689441,
    0.8810916179337231,
    0.9634408602150538,
    0.9402061855670103,
    0.9625550660792952,
    0.975,
    0.9761388286334056,
    0.9789719626168224,
    0.9585253456221198,
    0.8138297872340425,
    0.9536842105263158,
    0.9821029082774049,
    0.9503105590062112,
    0.9744136460554371,
    0.9718614718614719,
    0.9704016913319239,
    0.9744680851063829,
    0.9702127659574468,
    0.9725158562367865,
    0.9827213822894169,
    0.9725158562367865,
    0.972457627118644,
    0.9807692307692307,
    0.9725738396624473,
    0.9726315789473684,
    0.9744680851063829,
    0.9723991507430998,
    0.9704016913319239,
    0.9683544303797469
  ],
  "val_rec": [
    0.6451612903225806,
    0.8774193548387097,
    0.9720430107526882,
    0.9634408602150538,
    0.9806451612903225,
    0.9397849462365592,
    0.9225806451612903,
    0.967741935483871,
    0.9010752688172043,
    0.8946236559139785,
    0.9870967741935484,
    0.9741935483870968,
    0.9440860215053763,
    0.9870967741935484,
    0.9827956989247312,
    0.9655913978494624,
    0.9870967741935484,
    0.9849462365591398,
    0.9806451612903225,
    0.989247311827957,
    0.978494623655914,
    0.989247311827957,
    0.9870967741935484,
    0.9870967741935484,
    0.9913978494623656,
    0.9935483870967742,
    0.9849462365591398,
    0.9849462365591398,
    0.9870967741935484,
    0.9870967741935484
  ],
  "val_auc": [
    0.5805197132616488,
    0.6639516129032257,
    0.8663530465949821,
    0.9709856630824373,
    0.9726344086021506,
    0.9732706093189964,
    0.9741308243727599,
    0.9865949820788531,
    0.9696505376344086,
    0.9306810035842294,
    0.5244086021505376,
    0.9636111111111111,
    0.9709498207885305,
    0.9802688172043011,
    0.9827777777777779,
    0.9819175627240144,
    0.9807437275985662,
    0.9827777777777778,
    0.9765412186379928,
    0.9866935483870968,
    0.9926164874551971,
    0.9907885304659498,
    0.9885304659498207,
    0.9902329749103942,
    0.9873655913978493,
    0.9884408602150537,
    0.9874193548387097,
    0.9878673835125449,
    0.9875089605734768,
    0.9865232974910395
  ]
}