{
  "train_loss": [
    0.7416279556189251,
    0.5783154834256667,
    0.3122339225640147,
    0.20434781913784178,
    0.19562051070618802,
    0.1927499570917527,
    0.1911939950907125,
    0.1734057912364758,
    0.17752640959915383,
    0.14931567142734772,
    0.14282991761702832,
    0.1346781977653887,
    0.1086259738378053,
    0.11528889399114771,
    0.1143948076321344,
    0.08804045024770743,
    0.07974050942979219,
    0.07705378871072423,
    0.06885515386575858,
    0.058629207420953316,
    0.05593085929613534,
    0.0481235475840582,
    0.043063442974275674,
    0.03867587310764774,
    0.03790762613932823,
    0.02941746980458354,
    0.03140844365361589,
    0.023390209877358528,
    0.027820734064411656,
    0.025253486501132398
  ],
  "val_loss": [
    0.7278644007495326,
    0.5732975596036667,
    0.41704474127190744,
    0.2813197332060235,
    0.33940236744208213,
    0.2836557666588033,
    0.46070095636905767,
    0.3241138273834163,
    0.18335946146239582,
    0.24290840331560526,
    0.19100120734964682,
    0.1997248150854029,
    0.17857075408419482,
    0.17822058267063565,
    0.18642371994817358,
    0.1647974637329069,
    0.140993675054648,
    0.13325282325172144,
    0.1313789791546953,
    0.08728497468540047,
    0.09773549595608925,
    0.09065722543427832,
    0.08756369663040257,
    0.07375503910673607,
    0.1072045463304489,
    0.09755646341607675,
    0.09109460866620016,
    0.09375946747326157,
    0.09609603359698295,
    0.09030353610531196
  ],
  "train_acc": [
    0.5462590506838294,
    0.672566371681416,
    0.8099356395816573,
    0.8801287208366855,
    0.8905872888173774,
    0.8986323411102172,
    0.9046661303298471,
    0.9006436041834271,
    0.9030571198712791,
    0.919750603378922,
    0.9251810136765889,
    0.9326226870474658,
    0.9376508447304908,
    0.9386564762670957,
    0.9416733708769107,
    0.9521319388576026,
    0.9579646017699115,
    0.9591713596138375,
    0.9639983909895414,
    0.9668141592920354,
    0.9704344328238134,
    0.9728479485116653,
    0.9782783588093322,
    0.9780772325020113,
    0.9796862429605793,
    0.9863234111021721,
    0.9818986323411102,
    0.9877312952534192,
    0.9863234111021721,
    0.9839098954143202
  ],
  "val_acc": [
    0.505982905982906,
    0.694017094017094,
    0.8205128205128205,
    0.8871794871794871,
    0.8700854700854701,
    0.882051282051282,
    0.8136752136752137,
    0.9076923076923077,
    0.9230769230769231,
    0.9162393162393162,
    0.9282051282051282,
    0.9316239316239316,
    0.9299145299145299,
    0.9367521367521368,
    0.9401709401709402,
    0.9487179487179487,
    0.947008547008547,
    0.9504273504273504,
    0.9658119658119658,
    0.9641025641025641,
    0.9692307692307692,
    0.9726495726495726,
    0.9726495726495726,
    0.976068376068376,
    0.9794871794871794,
    0.9777777777777777,
    0.9794871794871794,
    0.9811965811965812,
    0.9811965811965812,
    0.9811965811965812
  ],
  "train_f1": [
    0.5329192546583851,
    0.6579831932773109,
    0.7840986977381769,
    0.8741022391212505,
    0.8840579710144928,
    0.8928571428571429,
    0.8986746472851646,
    0.8915239350021958,
    0.8958963282937366,
    0.9145061067066638,
    0.9225967540574282,
    0.9280652780760146,
    0.9355777223607648,
    0.9371522769420977,
    0.9402061855670103,
    0.9509480626545754,
    0.9565217391304348,
    0.9579971032484998,
    0.9633572159672467,
    0.9661815945890552,
    0.9695336787564767,
    0.9721362229102167,
    0.977713578208832,
    0.9778139629554243,
    0.9790325929001453,
    0.9862403885066775,
    0.9820359281437125,
    0.9877139979859013,
    0.9861450692746536,
    0.9838514331853048
  ],
  "val_f1": [
    0.6013793103448276,
    0.7776397515527951,
    0.8748510131108462,
    0.9253393665158371,
    0.91324200913242,
    0.922384701912261,
    0.8681983071342201,
    0.9402654867256637,
    0.9500554938956715,
    0.9452513966480447,
    0.9537444933920705,
    0.9558498896247241,
    0.9547960308710033,
    0.9592959295929593,
    0.9614112458654906,
    0.9674620390455532,
    0.9663409337676439,
    0.9684439608269858,
    0.9783549783549783,
    0.9772481040086674,
    0.9806034482758621,
    0.9828326180257511,
    0.9827586206896551,
    0.9849137931034483,
    0.9871244635193133,
    0.9860664523043944,
    0.987152034261242,
    0.9882352941176471,
    0.9882352941176471,
    0.9882352941176471
  ],
  "val_prec": [
    0.8384615384615385,
    0.9205882352941176,
    0.9812834224598931,
    0.9761336515513126,
    0.9732360097323601,
    0.9669811320754716,
    0.9917127071823204,
    0.9681093394077449,
    0.981651376146789,
    0.9837209302325581,
    0.9774266365688488,
    0.981859410430839,
    0.9796380090497737,
    0.9819819819819819,
    0.9864253393665159,
    0.975929978118162,
    0.9758771929824561,
    0.9801762114537445,
    0.9847494553376906,
    0.9847161572052402,
    0.9827213822894169,
    0.9807280513918629,
    0.9848812095032398,
    0.9870410367170627,
    0.9850107066381156,
    0.9829059829059829,
    0.9829424307036247,
    0.9829787234042553,
    0.9829787234042553,
    0.9829787234042553
  ],
  "val_rec": [
    0.46881720430107526,
    0.6731182795698925,
    0.789247311827957,
    0.8795698924731182,
    0.8602150537634409,
    0.8817204301075269,
    0.7720430107526882,
    0.9139784946236559,
    0.9204301075268817,
    0.9096774193548387,
    0.9311827956989247,
    0.9311827956989247,
    0.9311827956989247,
    0.9376344086021505,
    0.9376344086021505,
    0.9591397849462365,
    0.956989247311828,
    0.956989247311828,
    0.9720430107526882,
    0.9698924731182795,
    0.978494623655914,
    0.9849462365591398,
    0.9806451612903225,
    0.9827956989247312,
    0.989247311827957,
    0.989247311827957,
    0.9913978494623656,
    0.9935483870967742,
    0.9935483870967742,
    0.9935483870967742
  ],
  "val_auc": [
    0.5914336917562725,
    0.806442652329749,
    0.9599283154121864,
    0.9602956989247312,
    0.9538709677419355,
    0.9472401433691756,
    0.9752777777777778,
    0.9545519713261649,
    0.975268817204301,
    0.9845878136200716,
    0.9778853046594983,
    0.9789964157706094,
    0.9793906810035843,
    0.9784139784946236,
    0.9816218637992832,
    0.978826164874552,
    0.9837275985663082,
    0.990331541218638,
    0.9763620071684588,
    0.9890322580645161,
    0.9862007168458781,
    0.9882885304659499,
    0.9916666666666666,
    0.9928136200716845,
    0.9832706093189965,
    0.985035842293907,
    0.9853046594982079,
    0.9862007168458781,
    0.9852329749103943,
    0.9864605734767025
  ]
}