{
  "split": {
    "train": "subsets 0-6",
    "val": "subset 7",
    "test": "subsets 8+9"
  },
  "train_size": 4972,
  "val_size": 585,
  "test_size": 1528,
  "ablations": {
    "v1_cbam": {
      "accuracy": 0.9679319371727748,
      "balanced_acc": 0.9507047166309139,
      "precision": 0.9774247491638796,
      "recall": 0.9815281276238456,
      "specificity": 0.9198813056379822,
      "f1": 0.9794721407624634,
      "mcc": 0.9062714487409546,
      "roc_auc": 0.9912486577122683,
      "pr_auc": 0.9966881231532534,
      "confusion": {
        "TP": 1169,
        "FP": 27,
        "TN": 310,
        "FN": 22
      },
      "best_epoch": 29
    },
    "v1_focal": {
      "accuracy": 0.9698952879581152,
      "balanced_acc": 0.9583473479384204,
      "precision": 0.9823083403538332,
      "recall": 0.979009235936188,
      "specificity": 0.9376854599406528,
      "f1": 0.9806560134566863,
      "mcc": 0.9128365074399909,
      "roc_auc": 0.9906793533100628,
      "pr_auc": 0.9970719872996379,
      "confusion": {
        "TP": 1166,
        "FP": 21,
        "TN": 316,
        "FN": 25
      },
      "best_epoch": 24
    },
    "v1_mixup": {
      "accuracy": 0.9692408376963351,
      "balanced_acc": 0.9483527544616275,
      "precision": 0.9750830564784053,
      "recall": 0.9857262804366079,
      "specificity": 0.9109792284866469,
      "f1": 0.9803757828810021,
      "mcc": 0.9095674715376505,
      "roc_auc": 0.9883983984732179,
      "pr_auc": 0.9954545482772459,
      "confusion": {
        "TP": 1174,
        "FP": 30,
        "TN": 307,
        "FN": 17
      },
      "best_epoch": 28
    },
    "v1_tta": {
      "accuracy": 0.9770942408376964,
      "balanced_acc": 0.9619014517885127,
      "precision": 0.9816666666666667,
      "recall": 0.9890848026868178,
      "specificity": 0.9347181008902077,
      "f1": 0.9853617733166039,
      "mcc": 0.9328731840611596,
      "roc_auc": 0.9934237244217886,
      "pr_auc": 0.9979548648848395,
      "confusion": {
        "TP": 1178,
        "FP": 22,
        "TN": 315,
        "FN": 13
      },
      "best_epoch": 28
    },
    "v1": {
      "accuracy": 0.9738219895287958,
      "balanced_acc": 0.957674646894239,
      "precision": 0.9799833194328608,
      "recall": 0.9865659109991604,
      "specificity": 0.9287833827893175,
      "f1": 0.9832635983263598,
      "mcc": 0.9233155323031417,
      "roc_auc": 0.9928631402183039,
      "pr_auc": 0.9978265156235216,
      "confusion": {
        "TP": 1175,
        "FP": 24,
        "TN": 313,
        "FN": 16
      }
    },
    "v2": {
      "accuracy": 0.9731675392670157,
      "balanced_acc": 0.9551271031250701,
      "precision": 0.978369384359401,
      "recall": 0.9874055415617129,
      "specificity": 0.9228486646884273,
      "f1": 0.9828666945257,
      "mcc": 0.9212393744997722,
      "roc_auc": 0.9916535240814517,
      "pr_auc": 0.9965950209509655,
      "confusion": {
        "TP": 1176,
        "FP": 26,
        "TN": 311,
        "FN": 15
      }
    }
  },
  "note": "v1_mixup retrained from scratch \u2014 full 30 epochs."
}