{
  "note": "Corrected: pos_label = nodule.",
  "test_size": 1528,
  "n_nodules": 337,
  "n_non_nodules": 1191,
  "results": {
    "v1": {
      "accuracy": 0.9738219895287958,
      "balanced_acc": 0.957674646894239,
      "precision": 0.9513677811550152,
      "recall": 0.9287833827893175,
      "specificity": 0.9865659109991604,
      "f1": 0.93993993993994,
      "mcc": 0.9233155323031417,
      "roc_auc": 0.9928631402183039,
      "pr_auc": 0.9795726314878309,
      "confusion": {
        "TP": 313,
        "FP": 16,
        "TN": 1175,
        "FN": 24
      }
    },
    "v1_cbam": {
      "accuracy": 0.9679319371727748,
      "balanced_acc": 0.9507047166309139,
      "precision": 0.9337349397590361,
      "recall": 0.9198813056379822,
      "specificity": 0.9815281276238456,
      "f1": 0.9267563527653214,
      "mcc": 0.9062714487409546,
      "roc_auc": 0.9912486577122683,
      "pr_auc": 0.9770025945239244,
      "confusion": {
        "TP": 310,
        "FP": 22,
        "TN": 1169,
        "FN": 27
      }
    },
    "v1_focal": {
      "accuracy": 0.9698952879581152,
      "balanced_acc": 0.9583473479384204,
      "precision": 0.9266862170087976,
      "recall": 0.9376854599406528,
      "specificity": 0.979009235936188,
      "f1": 0.9321533923303835,
      "mcc": 0.9128365074399909,
      "roc_auc": 0.9906793533100628,
      "pr_auc": 0.9774550059400184,
      "confusion": {
        "TP": 316,
        "FP": 25,
        "TN": 1166,
        "FN": 21
      }
    },
    "v1_mixup": {
      "accuracy": 0.9692408376963351,
      "balanced_acc": 0.9483527544616275,
      "precision": 0.9475308641975309,
      "recall": 0.9109792284866469,
      "specificity": 0.9857262804366079,
      "f1": 0.9288956127080181,
      "mcc": 0.9095674715376505,
      "roc_auc": 0.9883983984732176,
      "pr_auc": 0.9740254025400094,
      "confusion": {
        "TP": 307,
        "FP": 17,
        "TN": 1174,
        "FN": 30
      }
    },
    "v1_tta": {
      "accuracy": 0.9770942408376964,
      "balanced_acc": 0.9619014517885127,
      "precision": 0.9603658536585366,
      "recall": 0.9347181008902077,
      "specificity": 0.9890848026868178,
      "f1": 0.9473684210526315,
      "mcc": 0.9328731840611596,
      "roc_auc": 0.9934249701644631,
      "pr_auc": 0.9821926186705471,
      "confusion": {
        "TP": 315,
        "FP": 13,
        "TN": 1178,
        "FN": 22
      }
    },
    "v2": {
      "accuracy": 0.9731675392670157,
      "balanced_acc": 0.9551271031250701,
      "precision": 0.9539877300613497,
      "recall": 0.9228486646884273,
      "specificity": 0.9874055415617129,
      "f1": 0.9381598793363499,
      "mcc": 0.9212393744997722,
      "roc_auc": 0.9916535240814517,
      "pr_auc": 0.9801508706608647,
      "confusion": {
        "TP": 311,
        "FP": 15,
        "TN": 1176,
        "FN": 26
      }
    }
  }
}