{
  "train_loss": [
    0.06066782875038977,
    0.0458932020465453,
    0.03251667094153928,
    0.023756896435603057,
    0.021062555650214657,
    0.022822220320494926,
    0.02101615693027563,
    0.01876890246081297,
    0.01821881839563457,
    0.016785233549036428,
    0.01635331990330668,
    0.017657966830273934,
    0.014010709989141622,
    0.014563566394455952,
    0.013642523895157913,
    0.014095028238041343,
    0.01403167521339794,
    0.012394079973371228,
    0.01266810150812541,
    0.009523364043197417,
    0.011201571085739787,
    0.010766720451708293,
    0.012090446528239132,
    0.009984035792663897,
    0.010753402317112143
  ],
  "val_loss": [
    0.060605894958871045,
    0.028314155120498095,
    0.015620660670420044,
    0.013786337570024607,
    0.014704190895088717,
    0.008756679957971358,
    0.009399096877911153,
    0.008294280391966558,
    0.009100306164632496,
    0.011549217675804583,
    0.008183914796313923,
    0.00956217039667038,
    0.007599981497320482,
    0.009326586504586232,
    0.005566823040931207,
    0.006284587600658464,
    0.0070340945246096095,
    0.005580224359853782,
    0.006599669045028396,
    0.005373174415773943,
    0.006131488197825404,
    0.006404110115085147,
    0.006650761123269032,
    0.0062879542844035685,
    0.006547989182842847
  ],
  "train_acc": [
    0.5587288817377313,
    0.6401850362027354,
    0.7594529364440868,
    0.7996781979082864,
    0.8232099758648431,
    0.7984714400643604,
    0.839702333065165,
    0.8230088495575221,
    0.8199919549477072,
    0.8682622687047465,
    0.8461383748994369,
    0.8266291230893,
    0.8807320997586484,
    0.834271922767498,
    0.833266291230893,
    0.830249396621078,
    0.8443282381335478,
    0.8561946902654868,
    0.8077232502011263,
    0.9066773934030571,
    0.8720836685438456,
    0.8578037007240547,
    0.8236122284794851,
    0.8600160901045857,
    0.8557924376508448
  ],
  "val_acc": [
    0.46495726495726497,
    0.8239316239316239,
    0.9094017094017094,
    0.9094017094017094,
    0.9367521367521368,
    0.9555555555555556,
    0.9675213675213675,
    0.9538461538461539,
    0.9401709401709402,
    0.9316239316239316,
    0.958974358974359,
    0.9538461538461539,
    0.9538461538461539,
    0.9641025641025641,
    0.9743589743589743,
    0.9709401709401709,
    0.9692307692307692,
    0.9777777777777777,
    0.9709401709401709,
    0.9743589743589743,
    0.9743589743589743,
    0.9743589743589743,
    0.9726495726495726,
    0.9726495726495726,
    0.9726495726495726
  ],
  "train_f1": [
    0.5664031620553359,
    0.647487684729064,
    0.7591623036649214,
    0.7965686274509803,
    0.8229607250755288,
    0.7982279500604108,
    0.8384350293938779,
    0.8180314309346567,
    0.8184952342324072,
    0.8685530804736102,
    0.8449848024316109,
    0.8230706075533661,
    0.8752366926151904,
    0.8291873963515755,
    0.8288251084038819,
    0.8292880258899676,
    0.8417825020441537,
    0.8533934795981136,
    0.8097890966971747,
    0.9073482428115016,
    0.8714632174616006,
    0.8571428571428571,
    0.8212757285510495,
    0.8593371059013742,
    0.8504068433131651
  ],
  "val_f1": [
    0.5560283687943263,
    0.8846584546472565,
    0.9427027027027027,
    0.9414364640883978,
    0.9601722282023681,
    0.9721030042918455,
    0.9796791443850268,
    0.970620239390642,
    0.9625668449197861,
    0.9555555555555556,
    0.9744680851063829,
    0.9709989258861439,
    0.9709989258861439,
    0.9778247096092925,
    0.9840255591054313,
    0.9819341126461212,
    0.9808917197452229,
    0.986096256684492,
    0.9818569903948773,
    0.9839228295819936,
    0.983991462113127,
    0.9840255591054313,
    0.9829424307036247,
    0.9830148619957537,
    0.9830148619957537
  ],
  "val_prec": [
    0.8166666666666667,
    0.9228971962616822,
    0.9478260869565217,
    0.9681818181818181,
    0.9612068965517241,
    0.9700214132762313,
    0.9744680851063829,
    0.9823788546255506,
    0.9574468085106383,
    0.9885057471264368,
    0.9642105263157895,
    0.9699570815450643,
    0.9699570815450643,
    0.9605809128630706,
    0.9746835443037974,
    0.9705882352941176,
    0.9685534591194969,
    0.9808510638297873,
    0.9745762711864406,
    0.9807692307692307,
    0.9766949152542372,
    0.9746835443037974,
    0.9746300211416491,
    0.9706498951781971,
    0.9706498951781971
  ],
  "val_rec": [
    0.421505376344086,
    0.8494623655913979,
    0.9376344086021505,
    0.9161290322580645,
    0.9591397849462365,
    0.9741935483870968,
    0.9849462365591398,
    0.9591397849462365,
    0.967741935483871,
    0.9247311827956989,
    0.9849462365591398,
    0.9720430107526882,
    0.9720430107526882,
    0.9956989247311828,
    0.9935483870967742,
    0.9935483870967742,
    0.9935483870967742,
    0.9913978494623656,
    0.989247311827957,
    0.9870967741935484,
    0.9913978494623656,
    0.9935483870967742,
    0.9913978494623656,
    0.9956989247311828,
    0.9956989247311828
  ],
  "val_auc": [
    0.5793548387096774,
    0.8465143369175627,
    0.9515412186379929,
    0.9724551971326165,
    0.96331541218638,
    0.9868189964157705,
    0.989274193548387,
    0.9892383512544803,
    0.9839964157706093,
    0.9838261648745519,
    0.9893906810035842,
    0.9850179211469534,
    0.9859498207885304,
    0.9876702508960573,
    0.9916577060931899,
    0.9900985663082437,
    0.9879211469534049,
    0.9932078853046594,
    0.9887992831541219,
    0.9900716845878137,
    0.9897670250896057,
    0.9917025089605734,
    0.9929928315412186,
    0.9911559139784947,
    0.9901164874551972
  ]
}